{"stats":{"minecraft:picked_up":{"minecraft:stick":2,"minecraft:oak_sapling":2},"minecraft:custom":{"minecraft:jump":43,"minecraft:time_since_rest":8678,"minecraft:play_time":8678,"minecraft:leave_game":4,"minecraft:sprint_one_cm":5761,"minecraft:time_since_death":8678,"minecraft:walk_one_cm":2868,"minecraft:sneak_time":130,"minecraft:climb_one_cm":2264,"minecraft:total_world_time":8678,"minecraft:drop":1,"minecraft:fall_one_cm":1521,"minecraft:fly_one_cm":6357},"minecraft:mined":{"minecraft:oak_log":2,"minecraft:vine":1,"minecraft:oak_leaves":10},"minecraft:dropped":{"minecraft:oak_sapling":1}},"DataVersion":3953}