{"stats":{"minecraft:picked_up":{"minecraft:wooden_pickaxe":1,"minecraft:wheat_seeds":3,"minecraft:dandelion":1,"minecraft:oak_log":4,"minecraft:rooted_dirt":2,"minecraft:oak_planks":4,"minecraft:dirt":5},"minecraft:custom":{"minecraft:time_since_rest":21599,"minecraft:play_time":27004,"minecraft:sprint_one_cm":803,"minecraft:walk_one_cm":45576,"minecraft:damage_taken":652,"minecraft:deaths":2,"minecraft:sneak_time":589,"minecraft:walk_under_water_one_cm":10462,"minecraft:boat_one_cm":25367,"minecraft:drop":8,"minecraft:jump":229,"minecraft:damage_dealt":50,"minecraft:time_since_death":21562,"minecraft:walk_on_water_one_cm":12372,"minecraft:total_world_time":27004,"minecraft:swim_one_cm":8126,"minecraft:interact_with_crafting_table":4,"minecraft:fall_one_cm":8747,"minecraft:fly_one_cm":830},"minecraft:killed_by":{"minecraft:player":1},"minecraft:crafted":{"minecraft:oak_planks":16,"minecraft:stick":8,"minecraft:wooden_pickaxe":2},"minecraft:dropped":{"minecraft:oak_planks":4,"minecraft:dirt":5,"minecraft:rooted_dirt":1,"minecraft:wooden_pickaxe":1,"minecraft:wheat_seeds":3},"minecraft:mined":{"minecraft:short_grass":14,"minecraft:oak_log":6,"minecraft:grass_block":1,"minecraft:azalea_leaves":6,"minecraft:dandelion":1,"minecraft:oak_leaves":4,"minecraft:rooted_dirt":2},"minecraft:used":{"minecraft:rooted_dirt":1}},"DataVersion":3955}