{"stats":{"minecraft:picked_up":{"minecraft:clay_ball":4,"minecraft:dandelion":1,"minecraft:torch":12,"minecraft:wooden_pickaxe":1,"minecraft:axolotl_bucket":1,"minecraft:oak_log":4,"minecraft:dirt":5,"minecraft:wheat_seeds":3,"minecraft:rooted_dirt":3,"minecraft:moss_block":1,"minecraft:oak_planks":4,"minecraft:cobblestone":5},"minecraft:custom":{"minecraft:time_since_rest":33051,"minecraft:sprint_one_cm":803,"minecraft:damage_taken":782,"minecraft:walk_one_cm":55896,"minecraft:drop":8,"minecraft:damage_dealt":50,"minecraft:interact_with_crafting_table":4,"minecraft:swim_one_cm":8126,"minecraft:fly_one_cm":857,"minecraft:play_time":38456,"minecraft:deaths":2,"minecraft:sneak_time":589,"minecraft:walk_under_water_one_cm":10462,"minecraft:boat_one_cm":25367,"minecraft:jump":248,"minecraft:leave_game":1,"minecraft:walk_on_water_one_cm":14190,"minecraft:time_since_death":33014,"minecraft:total_world_time":38456,"minecraft:fall_one_cm":10876},"minecraft:killed_by":{"minecraft:player":1},"minecraft:crafted":{"minecraft:oak_planks":16,"minecraft:stick":8,"minecraft:wooden_pickaxe":2},"minecraft:mined":{"minecraft:dandelion":1,"minecraft:short_grass":14,"minecraft:grass_block":1,"minecraft:oak_log":6,"minecraft:azalea_leaves":6,"minecraft:oak_leaves":4,"minecraft:rooted_dirt":2},"minecraft:dropped":{"minecraft:dirt":5,"minecraft:wheat_seeds":3,"minecraft:oak_planks":4,"minecraft:rooted_dirt":1,"minecraft:wooden_pickaxe":1},"minecraft:used":{"minecraft:rooted_dirt":1,"minecraft:torch":11}},"DataVersion":3955}