{"stats":{"minecraft:picked_up":{"minecraft:wheat_seeds":3,"minecraft:dandelion":1,"minecraft:dirt":3},"minecraft:custom":{"minecraft:time_since_rest":9599,"minecraft:play_time":15004,"minecraft:sprint_one_cm":803,"minecraft:walk_one_cm":30339,"minecraft:damage_taken":652,"minecraft:deaths":2,"minecraft:sneak_time":80,"minecraft:walk_under_water_one_cm":10462,"minecraft:drop":3,"minecraft:jump":200,"minecraft:damage_dealt":50,"minecraft:time_since_death":9562,"minecraft:walk_on_water_one_cm":12372,"minecraft:total_world_time":15004,"minecraft:swim_one_cm":8126,"minecraft:fall_one_cm":8747,"minecraft:fly_one_cm":804},"minecraft:killed_by":{"minecraft:player":1},"minecraft:dropped":{"minecraft:wheat_seeds":3},"minecraft:mined":{"minecraft:short_grass":13,"minecraft:oak_log":1,"minecraft:grass_block":1,"minecraft:dandelion":1,"minecraft:oak_leaves":4}},"DataVersion":3955}