{"stats":{"minecraft:custom":{"minecraft:interact_with_furnace":4,"minecraft:mob_kills":1,"minecraft:interact_with_crafting_table":21,"minecraft:leave_game":1,"minecraft:time_since_death":32592,"minecraft:climb_one_cm":82,"minecraft:time_since_rest":32624,"minecraft:sprint_one_cm":67588,"minecraft:damage_taken":690,"minecraft:walk_one_cm":71747,"minecraft:drop":18,"minecraft:damage_dealt":142,"minecraft:swim_one_cm":9407,"minecraft:fly_one_cm":73755,"minecraft:player_kills":1,"minecraft:crouch_one_cm":3891,"minecraft:play_time":42044,"minecraft:deaths":1,"minecraft:sneak_time":1502,"minecraft:walk_under_water_one_cm":5152,"minecraft:boat_one_cm":25229,"minecraft:jump":644,"minecraft:walk_on_water_one_cm":11720,"minecraft:total_world_time":42044,"minecraft:fall_one_cm":18382},"minecraft:picked_up":{"minecraft:crafting_table":4,"minecraft:feather":2,"minecraft:chicken":1,"minecraft:clay_ball":4,"minecraft:andesite":15,"minecraft:wooden_pickaxe":1,"minecraft:oak_log":12,"minecraft:dirt":15,"minecraft:moss_carpet":7,"minecraft:wheat_seeds":17,"minecraft:oak_boat":1,"minecraft:azalea":1,"minecraft:moss_block":1,"minecraft:raw_iron":14,"minecraft:big_dripleaf":2,"minecraft:dandelion":1,"minecraft:granite":2,"minecraft:rooted_dirt":80,"minecraft:oak_sapling":5,"minecraft:coal":6,"minecraft:cobblestone":56},"minecraft:crafted":{"minecraft:oak_planks":44,"minecraft:stone_shovel":1,"minecraft:crafting_table":2,"minecraft:wooden_pickaxe":1,"minecraft:furnace":1,"minecraft:bucket":2,"minecraft:stone_axe":1,"minecraft:air":0,"minecraft:oak_boat":1,"minecraft:stick":16,"minecraft:iron_ingot":11,"minecraft:stone_pickaxe":1,"minecraft:stone_sword":1,"minecraft:torch":12},"minecraft:killed":{"minecraft:chicken":1},"minecraft:dropped":{"minecraft:wheat_seeds":11,"minecraft:granite":2,"minecraft:torch":12,"minecraft:oak_sapling":1,"minecraft:axolotl_bucket":1,"minecraft:wooden_pickaxe":1,"minecraft:dandelion":1},"minecraft:mined":{"minecraft:oak_sapling":1,"minecraft:clay":2,"minecraft:crafting_table":4,"minecraft:granite":2,"minecraft:short_grass":92,"minecraft:grass_block":16,"minecraft:tall_grass":6,"minecraft:moss_block":2,"minecraft:rooted_dirt":80,"minecraft:big_dripleaf":1,"minecraft:iron_ore":5,"minecraft:andesite":15,"minecraft:oak_log":12,"minecraft:coal_ore":6,"minecraft:deepslate_iron_ore":9,"minecraft:dirt":1,"minecraft:stone":61,"minecraft:fern":5},"minecraft:used":{"minecraft:water_bucket":1,"minecraft:moss_carpet":7,"minecraft:stone_shovel":75,"minecraft:stone_pickaxe":94,"minecraft:wooden_pickaxe":8,"minecraft:dirt":9,"minecraft:crafting_table":5,"minecraft:big_dripleaf":2,"minecraft:oak_log":1,"minecraft:stone_axe":3,"minecraft:cobblestone":15,"minecraft:oak_sapling":4,"minecraft:furnace":1,"minecraft:bucket":3,"minecraft:oak_boat":1}},"DataVersion":3955}