{"stats":{"minecraft:picked_up":{"minecraft:crafting_table":3,"minecraft:feather":2,"minecraft:chicken":1,"minecraft:wooden_pickaxe":1,"minecraft:dandelion":1,"minecraft:oak_log":12,"minecraft:dirt":14,"minecraft:wheat_seeds":16,"minecraft:oak_boat":1,"minecraft:rooted_dirt":2,"minecraft:oak_sapling":5,"minecraft:coal":6,"minecraft:cobblestone":8},"minecraft:custom":{"minecraft:time_since_rest":21303,"minecraft:sprint_one_cm":61513,"minecraft:damage_taken":540,"minecraft:walk_one_cm":51435,"minecraft:mob_kills":1,"minecraft:drop":12,"minecraft:damage_dealt":142,"minecraft:swim_one_cm":9407,"minecraft:interact_with_crafting_table":16,"minecraft:fly_one_cm":65121,"minecraft:player_kills":1,"minecraft:crouch_one_cm":1783,"minecraft:play_time":30723,"minecraft:deaths":1,"minecraft:sneak_time":822,"minecraft:walk_under_water_one_cm":4691,"minecraft:boat_one_cm":25229,"minecraft:jump":546,"minecraft:time_since_death":21271,"minecraft:walk_on_water_one_cm":6861,"minecraft:climb_one_cm":57,"minecraft:total_world_time":30723,"minecraft:fall_one_cm":14794},"minecraft:crafted":{"minecraft:oak_boat":1,"minecraft:oak_planks":44,"minecraft:crafting_table":2,"minecraft:stick":16,"minecraft:wooden_pickaxe":1,"minecraft:stone_pickaxe":1,"minecraft:stone_sword":1,"minecraft:torch":12,"minecraft:stone_axe":1},"minecraft:killed":{"minecraft:chicken":1},"minecraft:dropped":{"minecraft:wheat_seeds":9,"minecraft:oak_sapling":1,"minecraft:wooden_pickaxe":1,"minecraft:dandelion":1},"minecraft:mined":{"minecraft:oak_sapling":1,"minecraft:crafting_table":3,"minecraft:short_grass":92,"minecraft:coal_ore":6,"minecraft:grass_block":16,"minecraft:oak_log":12,"minecraft:tall_grass":6,"minecraft:stone":8,"minecraft:rooted_dirt":2,"minecraft:fern":5},"minecraft:used":{"minecraft:oak_log":1,"minecraft:stone_pickaxe":6,"minecraft:wooden_pickaxe":8,"minecraft:stone_axe":2,"minecraft:dirt":8,"minecraft:crafting_table":3,"minecraft:oak_sapling":4,"minecraft:oak_boat":1}},"DataVersion":3955}