{"stats":{"minecraft:picked_up":{"minecraft:wheat_seeds":5,"minecraft:oak_log":5,"minecraft:oak_sapling":5,"minecraft:dirt":4},"minecraft:custom":{"minecraft:time_since_rest":6723,"minecraft:crouch_one_cm":503,"minecraft:play_time":6723,"minecraft:sprint_one_cm":20318,"minecraft:damage_taken":80,"minecraft:walk_one_cm":11726,"minecraft:sneak_time":172,"minecraft:drop":3,"minecraft:jump":171,"minecraft:damage_dealt":10,"minecraft:time_since_death":6723,"minecraft:total_world_time":6723,"minecraft:fall_one_cm":4409,"minecraft:fly_one_cm":26993},"minecraft:crafted":{"minecraft:oak_planks":20,"minecraft:crafting_table":1,"minecraft:stick":4},"minecraft:dropped":{"minecraft:wheat_seeds":2,"minecraft:oak_sapling":1},"minecraft:mined":{"minecraft:short_grass":54,"minecraft:grass_block":3,"minecraft:oak_log":5,"minecraft:oak_sapling":1,"minecraft:tall_grass":5},"minecraft:used":{"minecraft:dirt":4,"minecraft:oak_sapling":4}},"DataVersion":3955}