{"stats":{"minecraft:picked_up":{"minecraft:feather":2,"minecraft:chicken":1,"minecraft:wheat_seeds":14,"minecraft:dandelion":1,"minecraft:oak_log":12,"minecraft:oak_sapling":5,"minecraft:dirt":7},"minecraft:custom":{"minecraft:time_since_rest":9303,"minecraft:deaths":1,"minecraft:crouch_one_cm":1448,"minecraft:play_time":18723,"minecraft:sprint_one_cm":45479,"minecraft:damage_taken":530,"minecraft:walk_one_cm":33223,"minecraft:walk_under_water_one_cm":4691,"minecraft:sneak_time":679,"minecraft:mob_kills":1,"minecraft:drop":10,"minecraft:jump":419,"minecraft:damage_dealt":142,"minecraft:walk_on_water_one_cm":6752,"minecraft:time_since_death":9271,"minecraft:total_world_time":18723,"minecraft:swim_one_cm":9407,"minecraft:player_kills":1,"minecraft:fall_one_cm":12398,"minecraft:fly_one_cm":51255},"minecraft:crafted":{"minecraft:oak_planks":44,"minecraft:crafting_table":2,"minecraft:stick":8},"minecraft:killed":{"minecraft:chicken":1},"minecraft:dropped":{"minecraft:wheat_seeds":8,"minecraft:dandelion":1,"minecraft:oak_sapling":1},"minecraft:mined":{"minecraft:short_grass":80,"minecraft:grass_block":9,"minecraft:oak_log":12,"minecraft:oak_sapling":1,"minecraft:tall_grass":6},"minecraft:used":{"minecraft:oak_log":1,"minecraft:dirt":7,"minecraft:oak_sapling":4}},"DataVersion":3955}