{
  "minecraft:recipes/misc/charcoal": {
    "criteria": {
      "has_log": "2024-08-31 22:53:38 +0000"
    },
    "done": true
  },
  "minecraft:recipes/decorations/crafting_table": {
    "criteria": {
      "unlock_right_away": "2024-08-31 22:53:29 +0000"
    },
    "done": true
  },
  "minecraft:recipes/building_blocks/oak_planks": {
    "criteria": {
      "has_logs": "2024-08-31 22:53:38 +0000"
    },
    "done": true
  },
  "minecraft:adventure/adventuring_time": {
    "criteria": {
      "minecraft:stony_shore": "2024-08-31 22:53:30 +0000",
      "minecraft:savanna": "2024-08-31 22:53:33 +0000"
    },
    "done": false
  },
  "minecraft:recipes/building_blocks/oak_wood": {
    "criteria": {
      "has_log": "2024-08-31 22:53:38 +0000"
    },
    "done": true
  },
  "DataVersion": 3955
}